{"cameraMode":{"drawMode":0,"name":"Shaded","section":"Shading Mode"},"sceneLighting":false,"audioPlay":false,"sceneViewState":{"m_AlwaysRefresh":false,"showFog":true,"showSkybox":false,"showFlares":true,"showImageEffects":true,"showParticleSystems":true,"showVisualEffectGraphs":true,"m_FxEnabled":true},"in2DMode":false,"pivot":{"x":-10.995026588439942,"y":-4.263869285583496,"z":-0.25613975524902346},"rotation":{"x":-0.16159814596176148,"y":-0.0038520637899637224,"z":0.0006299942033365369,"w":-0.9868585467338562},"size":3.3525562286376955,"orthographic":false}